"lag","cause","exposure","analysis","exposure_change","central.est","ll.est","ul.est"
1,"All_violence","tmean","main",0,0,0,0
1,"All_violence","tmean","main",1,0.00424141709880757,0.00300624647428806,0.00547658772332709
1,"All_violence","tmean","main",5,0.0212070854940378,0.0150312323714403,0.0273829386166354
1,"All_violence","tmean","main",10,0.0424141709880757,0.0300624647428806,0.0547658772332708
1,"assault","tmean","main",0,0,0,0
1,"assault","tmean","main",1,0.0040340700804122,0.00279427282919417,0.00527386733163024
1,"assault","tmean","main",5,0.020170350402061,0.0139713641459708,0.0263693366581512
1,"assault","tmean","main",10,0.040340700804122,0.0279427282919416,0.0527386733163024
1,"suicide","tmean","main",0,0,0,0
1,"suicide","tmean","main",1,0.0111474669504292,0.00522703637320506,0.0170678975276534
1,"suicide","tmean","main",5,0.0557373347521461,0.0261351818660253,0.0853394876382669
1,"suicide","tmean","main",10,0.111474669504292,0.0522703637320505,0.170678975276534
1,"All_violence","tmean","females",0,0,0,0
1,"All_violence","tmean","females",1,0.00411933919812026,0.00247940414292817,0.00575927425331235
1,"All_violence","tmean","females",5,0.0205966959906013,0.0123970207146408,0.0287963712665617
1,"All_violence","tmean","females",10,0.0411933919812026,0.0247940414292817,0.0575927425331235
1,"assault","tmean","females",0,0,0,0
1,"assault","tmean","females",1,0.00408971896427612,0.00243793646954096,0.00574150145901128
1,"assault","tmean","females",5,0.0204485948213806,0.0121896823477048,0.0287075072950563
1,"assault","tmean","females",10,0.0408971896427612,0.0243793646954096,0.0574150145901127
1,"suicide","tmean","females",0,0,0,0
1,"suicide","tmean","females",1,0.00663045072274154,-0.00079442472441515,0.0140553261698982
1,"suicide","tmean","females",5,0.0331522536137077,-0.00397212362207577,0.0702766308494912
1,"suicide","tmean","females",10,0.0663045072274154,-0.00794424724415152,0.140553261698982
1,"All_violence","tmean","males",0,0,0,0
1,"All_violence","tmean","males",1,0.00439599150181212,0.00252126064459334,0.0062707223590309
1,"All_violence","tmean","males",5,0.0219799575090605,0.0126063032229667,0.0313536117951544
1,"All_violence","tmean","males",10,0.0439599150181211,0.0252126064459334,0.0627072235903089
1,"assault","tmean","males",0,0,0,0
1,"assault","tmean","males",1,0.00395670994021162,0.00208335468208317,0.00583006519834007
1,"assault","tmean","males",5,0.0197835497010581,0.0104167734104158,0.0291503259917003
1,"assault","tmean","males",10,0.0395670994021162,0.0208335468208317,0.0583006519834007
1,"suicide","tmean","males",0,0,0,0
1,"suicide","tmean","males",1,0.0180055898970908,0.00873257728194674,0.0272786025122349
1,"suicide","tmean","males",5,0.0900279494854541,0.0436628864097337,0.136393012561175
1,"suicide","tmean","males",10,0.180055898970908,0.0873257728194674,0.272786025122349
1,"All_violence","tmean","0",0,0,0,0
1,"All_violence","tmean","0",1,0.00429266963036012,0.00300522931661157,0.00558010994410866
1,"All_violence","tmean","0",5,0.0214633481518005,0.0150261465830578,0.0279005497205432
1,"All_violence","tmean","0",10,0.0429266963036011,0.0300522931661157,0.0558010994410866
1,"assault","tmean","0",0,0,0,0
1,"assault","tmean","0",1,0.00407873825006,0.00278496567330515,0.00537251082681484
1,"assault","tmean","0",5,0.0203936912502999,0.0139248283665257,0.0268625541340742
1,"assault","tmean","0",10,0.0407873825005999,0.0278496567330515,0.0537251082681484
1,"suicide","tmean","0",0,0,0,0
1,"suicide","tmean","0",1,0.0114468533983463,0.00549769719543923,0.0173960096012534
1,"suicide","tmean","0",5,0.0572342669917316,0.0274884859771962,0.086980048006267
1,"suicide","tmean","0",10,0.114468533983463,0.0549769719543923,0.173960096012534
1,"All_violence","tmean","65",0,0,0,0
1,"All_violence","tmean","65",1,0.003482726379293,-0.000703118471158609,0.0076685712297446
1,"All_violence","tmean","65",5,0.0174136318964649,-0.00351559235579304,0.0383428561487229
1,"All_violence","tmean","65",10,0.0348272637929299,-0.0070311847115861,0.076685712297446
1,"assault","tmean","65",0,0,0,0
1,"assault","tmean","65",1,0.00338281579987811,-0.000763131518163291,0.00752876311791951
1,"assault","tmean","65",5,0.0169140789993905,-0.00381565759081644,0.0376438155895975
1,"assault","tmean","65",10,0.0338281579987811,-0.00763131518163291,0.075287631179195
1,"suicide","tmean","65",0,0,0,0
1,"suicide","tmean","65",1,-0.0113869930689338,-0.0556584787532193,0.0328844926153517
1,"suicide","tmean","65",5,-0.056934965344669,-0.278292393766096,0.164422463076758
1,"suicide","tmean","65",10,-0.113869930689338,-0.556584787532193,0.328844926153516
1,"All_violence","tmean","0_24",0,0,0,0
1,"All_violence","tmean","0_24",1,0.0047786067483791,0.00272140139940611,0.00683581209735209
1,"All_violence","tmean","0_24",5,0.0238930337418955,0.0136070069970305,0.0341790604867604
1,"All_violence","tmean","0_24",10,0.047786067483791,0.0272140139940611,0.0683581209735209
1,"assault","tmean","0_24",0,0,0,0
1,"assault","tmean","0_24",1,0.00442954042671556,0.00235515801579152,0.0065039228376396
1,"assault","tmean","0_24",5,0.0221477021335778,0.0117757900789576,0.0325196141881979
1,"assault","tmean","0_24",10,0.0442954042671556,0.0235515801579152,0.065039228376396
1,"suicide","tmean","0_24",0,0,0,0
1,"suicide","tmean","0_24",1,0.0153962808686767,0.00608564468892422,0.0247069170484292
1,"suicide","tmean","0_24",5,0.0769814043433835,0.0304282234446211,0.123534585242146
1,"suicide","tmean","0_24",10,0.153962808686767,0.0608564468892421,0.247069170484292
1,"All_violence","tmean","25_44",0,0,0,0
1,"All_violence","tmean","25_44",1,0.0036231863662562,0.00155002531952672,0.00569634741298568
1,"All_violence","tmean","25_44",5,0.0181159318312809,0.00775012659763358,0.0284817370649283
1,"All_violence","tmean","25_44",10,0.036231863662562,0.0155002531952672,0.0569634741298567
1,"assault","tmean","25_44",0,0,0,0
1,"assault","tmean","25_44",1,0.0036078214401419,0.00152200812403806,0.00569363475624573
1,"assault","tmean","25_44",5,0.0180391072007094,0.00761004062019029,0.0284681737812286
1,"assault","tmean","25_44",10,0.036078214401419,0.0152200812403806,0.0569363475624573
1,"suicide","tmean","25_44",0,0,0,0
1,"suicide","tmean","25_44",1,0.00474246957748919,-0.00417570746552984,0.0136606466205082
1,"suicide","tmean","25_44",5,0.0237123478874459,-0.0208785373276492,0.0683032331025411
1,"suicide","tmean","25_44",10,0.0474246957748919,-0.0417570746552983,0.136606466205082
1,"All_violence","tmean","45_64",0,0,0,0
1,"All_violence","tmean","45_64",1,0.00444341470155779,0.00179695800280624,0.00708987140030934
1,"All_violence","tmean","45_64",5,0.0222170735077889,0.00898479001403117,0.0354493570015466
1,"All_violence","tmean","45_64",10,0.0444341470155779,0.0179695800280624,0.0708987140030933
1,"assault","tmean","45_64",0,0,0,0
1,"assault","tmean","45_64",1,0.00413525074399573,0.00149528881182172,0.00677521267616974
1,"assault","tmean","45_64",5,0.0206762537199786,0.0074764440591086,0.0338760633808486
1,"assault","tmean","45_64",10,0.0413525074399573,0.0149528881182172,0.0677521267616974
1,"suicide","tmean","45_64",0,0,0,0
1,"suicide","tmean","45_64",1,0.0185286258900024,0.00442715211895781,0.032630099661047
1,"suicide","tmean","45_64",5,0.0926431294500121,0.0221357605947891,0.163150498305235
1,"suicide","tmean","45_64",10,0.185286258900024,0.0442715211895781,0.32630099661047
1,"All_violence","tmean","females_0",0,0,0,0
1,"All_violence","tmean","females_0",1,0.00404920569551436,0.00232954249117849,0.00576886889985023
1,"All_violence","tmean","females_0",5,0.0202460284775718,0.0116477124558924,0.0288443444992511
1,"All_violence","tmean","females_0",10,0.0404920569551436,0.0232954249117849,0.0576886889985022
1,"assault","tmean","females_0",0,0,0,0
1,"assault","tmean","females_0",1,0.00399747453329385,0.00226259490563803,0.00573235416094966
1,"assault","tmean","females_0",5,0.0199873726664692,0.0113129745281901,0.0286617708047483
1,"assault","tmean","females_0",10,0.0399747453329385,0.0226259490563803,0.0573235416094966
1,"suicide","tmean","females_0",0,0,0,0
1,"suicide","tmean","females_0",1,0.00655382479126927,-0.000900922601369034,0.0140085721839076
1,"suicide","tmean","females_0",5,0.0327691239563464,-0.00450461300684517,0.0700428609195379
1,"suicide","tmean","females_0",10,0.0655382479126927,-0.00900922601369032,0.140085721839076
1,"All_violence","tmean","females_65",0,0,0,0
1,"All_violence","tmean","females_65",1,0.00458194099090049,-0.000631652008982432,0.00979553399078342
1,"All_violence","tmean","females_65",5,0.0229097049545024,-0.00315826004491215,0.048977669953917
1,"All_violence","tmean","females_65",10,0.0458194099090049,-0.00631652008982432,0.0979553399078342
1,"assault","tmean","females_65",0,0,0,0
1,"assault","tmean","females_65",1,0.00474661775320255,-0.000421873601365767,0.00991510910777086
1,"assault","tmean","females_65",5,0.0237330887660127,-0.00210936800682883,0.0495755455388542
1,"assault","tmean","females_65",10,0.0474661775320254,-0.00421873601365767,0.0991510910777085
1,"suicide","tmean","females_65",0,0,0,0
1,"suicide","tmean","females_65",1,0.0170371181275377,-0.0440425212813353,0.0781167575364107
1,"suicide","tmean","females_65",5,0.0851855906376887,-0.220212606406677,0.390583787682054
1,"suicide","tmean","females_65",10,0.170371181275377,-0.440425212813353,0.781167575364107
1,"All_violence","tmean","males_0",0,0,0,0
1,"All_violence","tmean","males_0",1,0.00459733009652006,0.00265835448188893,0.00653630571115119
1,"All_violence","tmean","males_0",5,0.0229866504826003,0.0132917724094446,0.0326815285557559
1,"All_violence","tmean","males_0",10,0.0459733009652006,0.0265835448188893,0.0653630571115119
1,"assault","tmean","males_0",0,0,0,0
1,"assault","tmean","males_0",1,0.00417380594905901,0.00223483123477515,0.00611278066334286
1,"assault","tmean","males_0",5,0.020869029745295,0.0111741561738757,0.0305639033167142
1,"assault","tmean","males_0",10,0.04173805949059,0.0223483123477515,0.0611278066334286
1,"suicide","tmean","males_0",0,0,0,0
1,"suicide","tmean","males_0",1,0.0189506750703413,0.00961875935509617,0.0282825907855864
1,"suicide","tmean","males_0",5,0.0947533753517064,0.0480937967754809,0.141412953927932
1,"suicide","tmean","males_0",10,0.189506750703413,0.0961875935509617,0.282825907855864
1,"All_violence","tmean","males_65",0,0,0,0
1,"All_violence","tmean","males_65",1,0.00139937815405543,-0.00548075787161481,0.00827951417972568
1,"All_violence","tmean","males_65",5,0.00699689077027716,-0.027403789358074,0.0413975708986283
1,"All_violence","tmean","males_65",10,0.0139937815405543,-0.0548075787161481,0.0827951417972568
1,"assault","tmean","males_65",0,0,0,0
1,"assault","tmean","males_65",1,0.000847012504041522,-0.00595679811097773,0.00765082311906078
1,"assault","tmean","males_65",5,0.0042350625202076,-0.0297839905548886,0.0382541155953038
1,"assault","tmean","males_65",10,0.00847012504041521,-0.0595679811097773,0.0765082311906078
1,"suicide","tmean","males_65",0,0,0,0
1,"suicide","tmean","males_65",1,-0.0424540288811947,-0.106529686869148,0.0216216291067584
1,"suicide","tmean","males_65",5,-0.212270144405974,-0.532648434345739,0.108108145533792
1,"suicide","tmean","males_65",10,-0.424540288811947,-1.06529686869148,0.216216291067584
1,"All_violence","tmean","northeast",0,0,0,0
1,"All_violence","tmean","northeast",1,0.00250902991962627,0.000187138818309614,0.00483092102094294
1,"All_violence","tmean","northeast",5,0.0125451495981313,0.000935694091548063,0.0241546051047146
1,"All_violence","tmean","northeast",10,0.0250902991962627,0.00187138818309613,0.0483092102094293
1,"assault","tmean","northeast",0,0,0,0
1,"assault","tmean","northeast",1,0.00258026536873909,0.000246648788052589,0.00491388194942559
1,"assault","tmean","northeast",5,0.0129013268436954,0.00123324394026294,0.0245694097471279
1,"assault","tmean","northeast",10,0.0258026536873909,0.00246648788052589,0.0491388194942559
1,"suicide","tmean","northeast",0,0,0,0
1,"suicide","tmean","northeast",1,0.00699707751384335,-0.00480554839651683,0.0187997034242035
1,"suicide","tmean","northeast",5,0.0349853875692167,-0.0240277419825841,0.0939985171210176
1,"suicide","tmean","northeast",10,0.0699707751384334,-0.0480554839651682,0.187997034242035
1,"All_violence","tmean","northern_rockies_and_plains",0,0,0,0
1,"All_violence","tmean","northern_rockies_and_plains",1,0.00562026614943057,0.000252712030181385,0.0109878202686797
1,"All_violence","tmean","northern_rockies_and_plains",5,0.0281013307471528,0.00126356015090692,0.0549391013433986
1,"All_violence","tmean","northern_rockies_and_plains",10,0.0562026614943056,0.00252712030181385,0.109878202686797
1,"assault","tmean","northern_rockies_and_plains",0,0,0,0
1,"assault","tmean","northern_rockies_and_plains",1,0.00576442656976535,0.000416809089500946,0.0111120440500297
1,"assault","tmean","northern_rockies_and_plains",5,0.0288221328488267,0.00208404544750472,0.0555602202501486
1,"assault","tmean","northern_rockies_and_plains",10,0.0576442656976534,0.00416809089500943,0.111120440500297
1,"suicide","tmean","northern_rockies_and_plains",0,0,0,0
1,"suicide","tmean","northern_rockies_and_plains",1,0.0167722992515891,-0.0201940744953672,0.0537386729985454
1,"suicide","tmean","northern_rockies_and_plains",5,0.0838614962579455,-0.100970372476836,0.268693364992727
1,"suicide","tmean","northern_rockies_and_plains",10,0.167722992515891,-0.201940744953672,0.537386729985454
1,"All_violence","tmean","northwest",0,0,0,0
1,"All_violence","tmean","northwest",1,-0.00551300869112295,-0.0134915661590276,0.00246554877678173
1,"All_violence","tmean","northwest",5,-0.0275650434556147,-0.067457830795138,0.0123277438839086
1,"All_violence","tmean","northwest",10,-0.0551300869112295,-0.134915661590276,0.0246554877678173
1,"assault","tmean","northwest",0,0,0,0
1,"assault","tmean","northwest",1,-0.00453650622940071,-0.0123543274342811,0.00328131497547966
1,"assault","tmean","northwest",5,-0.0226825311470035,-0.0617716371714052,0.0164065748773982
1,"assault","tmean","northwest",10,-0.045365062294007,-0.123543274342811,0.0328131497547966
1,"suicide","tmean","northwest",0,0,0,0
1,"suicide","tmean","northwest",1,-0.0454774430879326,-0.0998377810122894,0.00888289483642424
1,"suicide","tmean","northwest",5,-0.227387215439663,-0.499188905061447,0.0444144741821212
1,"suicide","tmean","northwest",10,-0.454774430879325,-0.998377810122893,0.0888289483642424
1,"All_violence","tmean","ohio_valley",0,0,0,0
1,"All_violence","tmean","ohio_valley",1,0.00458783809214583,0.00268272790194372,0.00649294828234793
1,"All_violence","tmean","ohio_valley",5,0.0229391904607291,0.0134136395097186,0.0324647414117396
1,"All_violence","tmean","ohio_valley",10,0.0458783809214583,0.0268272790194372,0.0649294828234793
1,"assault","tmean","ohio_valley",0,0,0,0
1,"assault","tmean","ohio_valley",1,0.00436075436771189,0.00245754801092426,0.00626396072449953
1,"assault","tmean","ohio_valley",5,0.0218037718385594,0.0122877400546213,0.0313198036224976
1,"assault","tmean","ohio_valley",10,0.0436075436771189,0.0245754801092426,0.0626396072449953
1,"suicide","tmean","ohio_valley",0,0,0,0
1,"suicide","tmean","ohio_valley",1,0.0113293797567655,0.00174059026889758,0.0209181692446334
1,"suicide","tmean","ohio_valley",5,0.0566468987838275,0.00870295134448788,0.104590846223167
1,"suicide","tmean","ohio_valley",10,0.113293797567655,0.0174059026889758,0.209181692446334
1,"All_violence","tmean","south",0,0,0,0
1,"All_violence","tmean","south",1,0.00231875780200322,-0.000349663104985626,0.00498717870899207
1,"All_violence","tmean","south",5,0.0115937890100161,-0.00174831552492812,0.0249358935449603
1,"All_violence","tmean","south",10,0.0231875780200322,-0.00349663104985625,0.0498717870899206
1,"assault","tmean","south",0,0,0,0
1,"assault","tmean","south",1,0.00253049113071707,-0.000121208390560861,0.00518219065199501
1,"assault","tmean","south",5,0.0126524556535853,-0.000606041952804301,0.025910953259975
1,"assault","tmean","south",10,0.0253049113071707,-0.0012120839056086,0.0518219065199501
1,"suicide","tmean","south",0,0,0,0
1,"suicide","tmean","south",1,-0.00244503612373748,-0.0149365284571077,0.0100464562096328
1,"suicide","tmean","south",5,-0.0122251806186874,-0.0746826422855386,0.0502322810481638
1,"suicide","tmean","south",10,-0.0244503612373748,-0.149365284571077,0.100464562096327
1,"All_violence","tmean","southeast",0,0,0,0
1,"All_violence","tmean","southeast",1,0.00391782565755155,0.00192435454960052,0.00591129676550257
1,"All_violence","tmean","southeast",5,0.0195891282877577,0.00962177274800259,0.0295564838275128
1,"All_violence","tmean","southeast",10,0.0391782565755155,0.0192435454960052,0.0591129676550257
1,"assault","tmean","southeast",0,0,0,0
1,"assault","tmean","southeast",1,0.00343780444215935,0.00138814898564294,0.00548745989867576
1,"assault","tmean","southeast",5,0.0171890222107967,0.0069407449282147,0.0274372994933787
1,"assault","tmean","southeast",10,0.0343780444215935,0.0138814898564294,0.0548745989867576
1,"suicide","tmean","southeast",0,0,0,0
1,"suicide","tmean","southeast",1,0.00781781785421194,0.00108896624859805,0.0145466694598258
1,"suicide","tmean","southeast",5,0.0390890892710597,0.00544483124299023,0.0727333472991291
1,"suicide","tmean","southeast",10,0.0781781785421193,0.0108896624859805,0.145466694598258
1,"All_violence","tmean","southwest",0,0,0,0
1,"All_violence","tmean","southwest",1,0.00515628870274564,-0.00152109780827807,0.0118336752137693
1,"All_violence","tmean","southwest",5,0.0257814435137281,-0.00760548904139034,0.0591683760688466
1,"All_violence","tmean","southwest",10,0.0515628870274563,-0.0152109780827807,0.118336752137693
1,"assault","tmean","southwest",0,0,0,0
1,"assault","tmean","southwest",1,0.00265867276345543,-0.00382209883253191,0.00913944435944277
1,"assault","tmean","southwest",5,0.0132933638172771,-0.0191104941626595,0.0456972217972138
1,"assault","tmean","southwest",10,0.0265867276345543,-0.038220988325319,0.0913944435944277
1,"suicide","tmean","southwest",0,0,0,0
1,"suicide","tmean","southwest",1,0.0373191586077626,0.00307299792409882,0.0715653192914263
1,"suicide","tmean","southwest",5,0.186595793038813,0.0153649896204941,0.357826596457132
1,"suicide","tmean","southwest",10,0.373191586077625,0.0307299792409882,0.715653192914263
1,"All_violence","tmean","upper_midwest",0,0,0,0
1,"All_violence","tmean","upper_midwest",1,0.00226819013197223,-0.00102792730611701,0.00556430757006147
1,"All_violence","tmean","upper_midwest",5,0.0113409506598611,-0.00513963653058505,0.0278215378503073
1,"All_violence","tmean","upper_midwest",10,0.0226819013197223,-0.0102792730611701,0.0556430757006146
1,"assault","tmean","upper_midwest",0,0,0,0
1,"assault","tmean","upper_midwest",1,0.00217442009275476,-0.00114118690660819,0.00549002709211771
1,"assault","tmean","upper_midwest",5,0.0108721004637738,-0.00570593453304092,0.0274501354605885
1,"assault","tmean","upper_midwest",10,0.0217442009275476,-0.0114118690660819,0.0549002709211771
1,"suicide","tmean","upper_midwest",0,0,0,0
1,"suicide","tmean","upper_midwest",1,0.0136267377387659,-0.00285204404442893,0.0301055195219608
1,"suicide","tmean","upper_midwest",5,0.0681336886938296,-0.0142602202221447,0.150527597609804
1,"suicide","tmean","upper_midwest",10,0.136267377387659,-0.0285204404442893,0.301055195219608
1,"All_violence","tmean","west",0,0,0,0
1,"All_violence","tmean","west",1,-0.000774021903630882,-0.0097175009647549,0.00816945715749314
1,"All_violence","tmean","west",5,-0.0038701095181544,-0.0485875048237744,0.0408472857874656
1,"All_violence","tmean","west",10,-0.00774021903630881,-0.097175009647549,0.0816945715749314
1,"assault","tmean","west",0,0,0,0
1,"assault","tmean","west",1,0.000650869666212697,-0.00820748293436964,0.00950922226679504
1,"assault","tmean","west",5,0.00325434833106348,-0.0410374146718481,0.0475461113339751
1,"assault","tmean","west",10,0.00650869666212698,-0.0820748293436964,0.0950922226679503
1,"suicide","tmean","west",0,0,0,0
1,"suicide","tmean","west",1,0.0360619878478279,-0.0338952085037425,0.106019184199398
1,"suicide","tmean","west",5,0.18030993923914,-0.169476042518713,0.530095920996992
1,"suicide","tmean","west",10,0.360619878478279,-0.338952085037425,1.06019184199398
1,"All_violence","tmean","poverty1",0,0,0,0
1,"All_violence","tmean","poverty1",1,0.00141072657249668,-0.00280265403662232,0.00562410718161568
1,"All_violence","tmean","poverty1",5,0.00705363286248338,-0.0140132701831116,0.0281205359080784
1,"All_violence","tmean","poverty1",10,0.0141072657249668,-0.0280265403662232,0.0562410718161568
1,"assault","tmean","poverty1",0,0,0,0
1,"assault","tmean","poverty1",1,0.00170146714124125,-0.00252988269181177,0.00593281697429427
1,"assault","tmean","poverty1",5,0.00850733570620623,-0.0126494134590588,0.0296640848714713
1,"assault","tmean","poverty1",10,0.0170146714124125,-0.0252988269181177,0.0593281697429427
1,"suicide","tmean","poverty1",0,0,0,0
1,"suicide","tmean","poverty1",1,6.8143046578922e-05,-0.0133155531033572,0.013451839196515
1,"suicide","tmean","poverty1",5,0.000340715232894605,-0.0665777655167859,0.0672591959825751
1,"suicide","tmean","poverty1",10,0.000681430465789216,-0.133155531033572,0.13451839196515
1,"All_violence","tmean","poverty2",0,0,0,0
1,"All_violence","tmean","poverty2",1,0.0026913008962154,-0.00028007871626727,0.00566268050869807
1,"All_violence","tmean","poverty2",5,0.013456504481077,-0.00140039358133635,0.0283134025434903
1,"All_violence","tmean","poverty2",10,0.026913008962154,-0.00280078716267268,0.0566268050869806
1,"assault","tmean","poverty2",0,0,0,0
1,"assault","tmean","poverty2",1,0.00309133607258083,9.67518552465151e-05,0.00608592028991514
1,"assault","tmean","poverty2",5,0.0154566803629041,0.00048375927623258,0.0304296014495756
1,"assault","tmean","poverty2",10,0.0309133607258083,0.000967518552465154,0.0608592028991514
1,"suicide","tmean","poverty2",0,0,0,0
1,"suicide","tmean","poverty2",1,0.0150824426533969,0.00279301130166922,0.0273718740051247
1,"suicide","tmean","poverty2",5,0.0754122132669847,0.0139650565083461,0.136859370025623
1,"suicide","tmean","poverty2",10,0.150824426533969,0.0279301130166922,0.273718740051246
1,"All_violence","tmean","poverty3",0,0,0,0
1,"All_violence","tmean","poverty3",1,0.00356330366280969,0.00106976433137268,0.00605684299424671
1,"All_violence","tmean","poverty3",5,0.0178165183140484,0.00534882165686339,0.0302842149712335
1,"All_violence","tmean","poverty3",10,0.0356330366280969,0.0106976433137268,0.060568429942467
1,"assault","tmean","poverty3",0,0,0,0
1,"assault","tmean","poverty3",1,0.00315702314991163,0.000649410151440499,0.00566463614838275
1,"assault","tmean","poverty3",5,0.0157851157495581,0.00324705075720249,0.0283231807419137
1,"assault","tmean","poverty3",10,0.0315702314991163,0.00649410151440499,0.0566463614838275
1,"suicide","tmean","poverty3",0,0,0,0
1,"suicide","tmean","poverty3",1,0.0116650651087213,-5.47698695358666e-05,0.0233849000869785
1,"suicide","tmean","poverty3",5,0.0583253255436066,-0.000273849347679336,0.116924500434893
1,"suicide","tmean","poverty3",10,0.116650651087213,-0.000547698695358673,0.233849000869785
1,"All_violence","tmean","poverty4",0,0,0,0
1,"All_violence","tmean","poverty4",1,0.00489405419160052,0.00240182068859299,0.00738628769460806
1,"All_violence","tmean","poverty4",5,0.0244702709580026,0.0120091034429649,0.0369314384730402
1,"All_violence","tmean","poverty4",10,0.0489405419160052,0.0240182068859299,0.0738628769460805
1,"assault","tmean","poverty4",0,0,0,0
1,"assault","tmean","poverty4",1,0.00465160819590265,0.00215419496536152,0.00714902142644378
1,"assault","tmean","poverty4",5,0.0232580409795132,0.0107709748268076,0.0357451071322188
1,"assault","tmean","poverty4",10,0.0465160819590265,0.0215419496536152,0.0714902142644378
1,"suicide","tmean","poverty4",0,0,0,0
1,"suicide","tmean","poverty4",1,0.0099497312740576,-0.00222552280467868,0.0221249853527939
1,"suicide","tmean","poverty4",5,0.049748656370288,-0.0111276140233934,0.110624926763969
1,"suicide","tmean","poverty4",10,0.099497312740576,-0.0222552280467868,0.221249853527939
1,"All_violence","tmean","poverty5",0,0,0,0
1,"All_violence","tmean","poverty5",1,0.00574342208946239,0.00342935762353659,0.00805748655538818
1,"All_violence","tmean","poverty5",5,0.0287171104473119,0.0171467881176829,0.0402874327769408
1,"All_violence","tmean","poverty5",10,0.0574342208946239,0.0342935762353659,0.0805748655538818
1,"assault","tmean","poverty5",0,0,0,0
1,"assault","tmean","poverty5",1,0.00523180057583309,0.00291518236323974,0.00754841878842644
1,"assault","tmean","poverty5",5,0.0261590028791654,0.0145759118161987,0.0377420939421321
1,"assault","tmean","poverty5",10,0.0523180057583309,0.0291518236323973,0.0754841878842644
1,"suicide","tmean","poverty5",0,0,0,0
1,"suicide","tmean","poverty5",1,0.0137190028701954,0.000712681014259428,0.0267253247261313
1,"suicide","tmean","poverty5",5,0.0685950143509768,0.00356340507129714,0.133626623630656
1,"suicide","tmean","poverty5",10,0.137190028701953,0.00712681014259425,0.267253247261313
1,"All_violence","tmean","education1",0,0,0,0
1,"All_violence","tmean","education1",1,0.00335339812073836,-0.000276515002272332,0.00698331124374905
1,"All_violence","tmean","education1",5,0.0167669906036918,-0.00138257501136165,0.0349165562187452
1,"All_violence","tmean","education1",10,0.0335339812073836,-0.00276515002272331,0.0698331124374904
1,"assault","tmean","education1",0,0,0,0
1,"assault","tmean","education1",1,0.00323515092821279,-0.000405603818083922,0.0068759056745095
1,"assault","tmean","education1",5,0.0161757546410639,-0.0020280190904196,0.0343795283725474
1,"assault","tmean","education1",10,0.0323515092821279,-0.00405603818083921,0.068759056745095
1,"suicide","tmean","education1",0,0,0,0
1,"suicide","tmean","education1",1,0.00533204610011904,-0.00888415586118504,0.0195482480614231
1,"suicide","tmean","education1",5,0.0266602305005952,-0.0444207793059252,0.0977412403071157
1,"suicide","tmean","education1",10,0.0533204610011904,-0.0888415586118504,0.195482480614231
1,"All_violence","tmean","education2",0,0,0,0
1,"All_violence","tmean","education2",1,0.00164563558832094,-0.00123659790581809,0.00452786908245996
1,"All_violence","tmean","education2",5,0.00822817794160466,-0.00618298952909044,0.0226393454122998
1,"All_violence","tmean","education2",10,0.0164563558832093,-0.0123659790581809,0.0452786908245996
1,"assault","tmean","education2",0,0,0,0
1,"assault","tmean","education2",1,0.00175192787363465,-0.00114891038243343,0.00465276612970272
1,"assault","tmean","education2",5,0.00875963936817321,-0.00574455191216715,0.0232638306485136
1,"assault","tmean","education2",10,0.0175192787363464,-0.0114891038243343,0.0465276612970272
1,"suicide","tmean","education2",0,0,0,0
1,"suicide","tmean","education2",1,0.00741033417819025,-0.00457915116278945,0.01939981951917
1,"suicide","tmean","education2",5,0.0370516708909513,-0.0228957558139473,0.0969990975958498
1,"suicide","tmean","education2",10,0.0741033417819025,-0.0457915116278944,0.193998195191699
1,"All_violence","tmean","education3",0,0,0,0
1,"All_violence","tmean","education3",1,0.00424196648494099,0.00169661495762893,0.00678731801225305
1,"All_violence","tmean","education3",5,0.0212098324247049,0.00848307478814461,0.0339365900612652
1,"All_violence","tmean","education3",10,0.0424196648494098,0.0169661495762892,0.0678731801225304
1,"assault","tmean","education3",0,0,0,0
1,"assault","tmean","education3",1,0.00409513428742338,0.00153561813357213,0.00665465044127464
1,"assault","tmean","education3",5,0.0204756714371169,0.00767809066786062,0.0332732522063731
1,"assault","tmean","education3",10,0.0409513428742338,0.0153561813357213,0.0665465044127463
1,"suicide","tmean","education3",0,0,0,0
1,"suicide","tmean","education3",1,0.0140190521326832,0.002376942338839,0.0256611619265274
1,"suicide","tmean","education3",5,0.0700952606634159,0.011884711694195,0.128305809632637
1,"suicide","tmean","education3",10,0.140190521326832,0.0237694233883899,0.256611619265273
1,"All_violence","tmean","education4",0,0,0,0
1,"All_violence","tmean","education4",1,0.00384443339588132,0.00141426406720205,0.00627460272456058
1,"All_violence","tmean","education4",5,0.0192221669794065,0.00707132033601022,0.0313730136228029
1,"All_violence","tmean","education4",10,0.0384443339588131,0.0141426406720205,0.0627460272456058
1,"assault","tmean","education4",0,0,0,0
1,"assault","tmean","education4",1,0.0034549708053889,0.00102026030467,0.00588968130610781
1,"assault","tmean","education4",5,0.0172748540269445,0.00510130152334997,0.029448406530539
1,"assault","tmean","education4",10,0.034549708053889,0.0102026030467,0.0588968130610781
1,"suicide","tmean","education4",0,0,0,0
1,"suicide","tmean","education4",1,0.013626217041609,0.00174237678702115,0.0255100572961968
1,"suicide","tmean","education4",5,0.068131085208045,0.00871188393510574,0.127550286480984
1,"suicide","tmean","education4",10,0.13626217041609,0.0174237678702115,0.255100572961968
1,"All_violence","tmean","education5",0,0,0,0
1,"All_violence","tmean","education5",1,0.00687633833931268,0.00435357937177103,0.00939909730685434
1,"All_violence","tmean","education5",5,0.0343816916965634,0.0217678968588551,0.0469954865342716
1,"All_violence","tmean","education5",10,0.0687633833931268,0.0435357937177103,0.0939909730685433
1,"assault","tmean","education5",0,0,0,0
1,"assault","tmean","education5",1,0.0065352453660831,0.00399952813623522,0.00907096259593098
1,"assault","tmean","education5",5,0.0326762268304154,0.0199976406811761,0.0453548129796548
1,"assault","tmean","education5",10,0.065352453660831,0.0399952813623522,0.0907096259593098
1,"suicide","tmean","education5",0,0,0,0
1,"suicide","tmean","education5",1,0.00976367632712348,-0.00347943649289448,0.0230067891471414
1,"suicide","tmean","education5",5,0.0488183816356174,-0.0173971824644724,0.115033945735707
1,"suicide","tmean","education5",10,0.0976367632712347,-0.0347943649289448,0.230067891471414
1,"All_violence","tmean","nonwhite1",0,0,0,0
1,"All_violence","tmean","nonwhite1",1,0.00502437537746956,0.0003805246599538,0.00966822609498532
1,"All_violence","tmean","nonwhite1",5,0.0251218768873477,0.00190262329976899,0.0483411304749265
1,"All_violence","tmean","nonwhite1",10,0.0502437537746956,0.00380524659953801,0.0966822609498531
1,"assault","tmean","nonwhite1",0,0,0,0
1,"assault","tmean","nonwhite1",1,0.00452975606105151,-0.000130324570456367,0.00918983669255938
1,"assault","tmean","nonwhite1",5,0.0226487803052575,-0.000651622852281847,0.0459491834627968
1,"assault","tmean","nonwhite1",10,0.045297560610515,-0.00130324570456368,0.0918983669255938
1,"suicide","tmean","nonwhite1",0,0,0,0
1,"suicide","tmean","nonwhite1",1,0.0219942021188831,0.00775132017728242,0.0362370840604837
1,"suicide","tmean","nonwhite1",5,0.109971010594415,0.0387566008864121,0.181185420302419
1,"suicide","tmean","nonwhite1",10,0.21994202118883,0.0775132017728242,0.362370840604837
1,"All_violence","tmean","nonwhite2",0,0,0,0
1,"All_violence","tmean","nonwhite2",1,0.00482630268965773,0.00163950622220899,0.00801309915710648
1,"All_violence","tmean","nonwhite2",5,0.0241315134482886,0.00819753111104493,0.0400654957855323
1,"All_violence","tmean","nonwhite2",10,0.0482630268965773,0.0163950622220899,0.0801309915710647
1,"assault","tmean","nonwhite2",0,0,0,0
1,"assault","tmean","nonwhite2",1,0.00481355826448835,0.0016039560574385,0.00802316047153821
1,"assault","tmean","nonwhite2",5,0.0240677913224417,0.00801978028719248,0.0401158023576909
1,"assault","tmean","nonwhite2",10,0.0481355826448835,0.016039560574385,0.080231604715382
1,"suicide","tmean","nonwhite2",0,0,0,0
1,"suicide","tmean","nonwhite2",1,0.00822713865083343,-0.0035686703944122,0.0200229476960791
1,"suicide","tmean","nonwhite2",5,0.0411356932541672,-0.017843351972061,0.100114738480395
1,"suicide","tmean","nonwhite2",10,0.0822713865083343,-0.035686703944122,0.200229476960791
1,"All_violence","tmean","nonwhite3",0,0,0,0
1,"All_violence","tmean","nonwhite3",1,0.00285980739829673,9.15522215790849e-05,0.00562806257501437
1,"All_violence","tmean","nonwhite3",5,0.0142990369914836,0.000457761107895426,0.0281403128750718
1,"All_violence","tmean","nonwhite3",10,0.0285980739829673,0.000915522215790849,0.0562806257501437
1,"assault","tmean","nonwhite3",0,0,0,0
1,"assault","tmean","nonwhite3",1,0.00305533592764426,0.000268933912219318,0.00584173794306921
1,"assault","tmean","nonwhite3",5,0.0152766796382213,0.00134466956109659,0.029208689715346
1,"assault","tmean","nonwhite3",10,0.0305533592764426,0.00268933912219319,0.0584173794306921
1,"suicide","tmean","nonwhite3",0,0,0,0
1,"suicide","tmean","nonwhite3",1,0.0075456075539454,-0.00539890528255563,0.0204901203904464
1,"suicide","tmean","nonwhite3",5,0.037728037769727,-0.0269945264127782,0.102450601952232
1,"suicide","tmean","nonwhite3",10,0.075456075539454,-0.0539890528255563,0.204901203904464
1,"All_violence","tmean","nonwhite4",0,0,0,0
1,"All_violence","tmean","nonwhite4",1,0.0045503196250563,0.0020924837882079,0.00700815546190469
1,"All_violence","tmean","nonwhite4",5,0.0227515981252814,0.0104624189410395,0.0350407773095234
1,"All_violence","tmean","nonwhite4",10,0.0455031962505629,0.020924837882079,0.0700815546190469
1,"assault","tmean","nonwhite4",0,0,0,0
1,"assault","tmean","nonwhite4",1,0.00438885629151617,0.00191571972261916,0.00686199286041318
1,"assault","tmean","nonwhite4",5,0.0219442814575808,0.00957859861309577,0.0343099643020658
1,"assault","tmean","nonwhite4",10,0.0438885629151616,0.0191571972261916,0.0686199286041317
1,"suicide","tmean","nonwhite4",0,0,0,0
1,"suicide","tmean","nonwhite4",1,0.00246658518619396,-0.00835576192460893,0.0132889322969969
1,"suicide","tmean","nonwhite4",5,0.0123329259309698,-0.0417788096230447,0.0664446614849842
1,"suicide","tmean","nonwhite4",10,0.0246658518619396,-0.0835576192460893,0.132889322969968
1,"All_violence","tmean","nonwhite5",0,0,0,0
1,"All_violence","tmean","nonwhite5",1,0.0042051357238439,0.00216604985541528,0.00624422159227252
1,"All_violence","tmean","nonwhite5",5,0.0210256786192195,0.0108302492770764,0.0312211079613625
1,"All_violence","tmean","nonwhite5",10,0.042051357238439,0.0216604985541528,0.0624422159227251
1,"assault","tmean","nonwhite5",0,0,0,0
1,"assault","tmean","nonwhite5",1,0.00373790404135205,0.0017002623470625,0.00577554573564159
1,"assault","tmean","nonwhite5",5,0.0186895202067602,0.0085013117353125,0.0288777286782079
1,"assault","tmean","nonwhite5",10,0.0373790404135204,0.017002623470625,0.0577554573564158
1,"suicide","tmean","nonwhite5",0,0,0,0
1,"suicide","tmean","nonwhite5",1,0.0165024604857498,0.00379480197059746,0.0292101190009022
1,"suicide","tmean","nonwhite5",5,0.0825123024287491,0.0189740098529873,0.146050595004511
1,"suicide","tmean","nonwhite5",10,0.165024604857498,0.0379480197059746,0.292101190009022
1,"All_violence","tmean","nonwhite1_poverty1",0,0,0,0
1,"All_violence","tmean","nonwhite1_poverty1",1,0.00683881455978776,-0.00341887489059831,0.0170965040101738
1,"All_violence","tmean","nonwhite1_poverty1",5,0.0341940727989387,-0.0170943744529915,0.085482520050869
1,"All_violence","tmean","nonwhite1_poverty1",10,0.0683881455978776,-0.034188748905983,0.170965040101738
1,"assault","tmean","nonwhite1_poverty1",0,0,0,0
1,"assault","tmean","nonwhite1_poverty1",1,0.00788908304711008,-0.0023183862003353,0.0180965522945555
1,"assault","tmean","nonwhite1_poverty1",5,0.0394454152355503,-0.0115919310016765,0.090482761472777
1,"assault","tmean","nonwhite1_poverty1",10,0.0788908304711007,-0.0231838620033529,0.180965522945554
1,"suicide","tmean","nonwhite1_poverty1",0,0,0,0
1,"suicide","tmean","nonwhite1_poverty1",1,0.0168580582246502,-0.0112711307438257,0.0449872471931262
1,"suicide","tmean","nonwhite1_poverty1",5,0.0842902911232512,-0.0563556537191285,0.224936235965631
1,"suicide","tmean","nonwhite1_poverty1",10,0.168580582246502,-0.112711307438257,0.449872471931262
1,"All_violence","tmean","nonwhite1_poverty5",0,0,0,0
1,"All_violence","tmean","nonwhite1_poverty5",1,0.00247299697040242,-0.00789782280988512,0.01284381675069
1,"All_violence","tmean","nonwhite1_poverty5",5,0.0123649848520121,-0.0394891140494255,0.0642190837534497
1,"All_violence","tmean","nonwhite1_poverty5",10,0.0247299697040242,-0.0789782280988512,0.1284381675069
1,"assault","tmean","nonwhite1_poverty5",0,0,0,0
1,"assault","tmean","nonwhite1_poverty5",1,0.000897716200192558,-0.00961274864989404,0.0114081810502792
1,"assault","tmean","nonwhite1_poverty5",5,0.00448858100096278,-0.0480637432494701,0.0570409052513957
1,"assault","tmean","nonwhite1_poverty5",10,0.00897716200192559,-0.0961274864989403,0.114081810502792
1,"suicide","tmean","nonwhite1_poverty5",0,0,0,0
1,"suicide","tmean","nonwhite1_poverty5",1,0.0190310051303156,-0.00891848776888049,0.0469804980295116
1,"suicide","tmean","nonwhite1_poverty5",5,0.0951550256515778,-0.0445924388444024,0.234902490147558
1,"suicide","tmean","nonwhite1_poverty5",10,0.190310051303156,-0.0891848776888048,0.469804980295116
1,"All_violence","tmean","nonwhite5_poverty1",0,0,0,0
1,"All_violence","tmean","nonwhite5_poverty1",1,0.00179303473792625,-0.0107727978758827,0.0143588673517353
1,"All_violence","tmean","nonwhite5_poverty1",5,0.00896517368963123,-0.0538639893794136,0.0717943367586761
1,"All_violence","tmean","nonwhite5_poverty1",10,0.0179303473792625,-0.107727978758827,0.143588673517352
1,"assault","tmean","nonwhite5_poverty1",0,0,0,0
1,"assault","tmean","nonwhite5_poverty1",1,0.0011847493129052,-0.0113843059829521,0.0137538046087625
1,"assault","tmean","nonwhite5_poverty1",5,0.00592374656452597,-0.0569215299147604,0.0687690230438123
1,"assault","tmean","nonwhite5_poverty1",10,0.011847493129052,-0.113843059829521,0.137538046087625
1,"suicide","tmean","nonwhite5_poverty1",0,0,0,0
1,"suicide","tmean","nonwhite5_poverty1",1,0.0310426106049594,-0.0250423143356898,0.0871275355456086
1,"suicide","tmean","nonwhite5_poverty1",5,0.155213053024797,-0.125211571678449,0.435637677728043
1,"suicide","tmean","nonwhite5_poverty1",10,0.310426106049594,-0.250423143356898,0.871275355456086
1,"All_violence","tmean","nonwhite5_poverty5",0,0,0,0
1,"All_violence","tmean","nonwhite5_poverty5",1,0.00562329547862072,0.00286180018242767,0.00838479077481378
1,"All_violence","tmean","nonwhite5_poverty5",5,0.0281164773931036,0.0143090009121383,0.0419239538740688
1,"All_violence","tmean","nonwhite5_poverty5",10,0.0562329547862072,0.0286180018242767,0.0838479077481377
1,"assault","tmean","nonwhite5_poverty5",0,0,0,0
1,"assault","tmean","nonwhite5_poverty5",1,0.00506594950552795,0.00230323749009963,0.00782866152095628
1,"assault","tmean","nonwhite5_poverty5",5,0.0253297475276397,0.0115161874504981,0.0391433076047813
1,"assault","tmean","nonwhite5_poverty5",10,0.0506594950552795,0.0230323749009963,0.0782866152095627
1,"suicide","tmean","nonwhite5_poverty5",0,0,0,0
1,"suicide","tmean","nonwhite5_poverty5",1,0.0144878439376947,-0.00241773133889844,0.0313934192142878
1,"suicide","tmean","nonwhite5_poverty5",5,0.0724392196884734,-0.0120886566944922,0.156967096071439
1,"suicide","tmean","nonwhite5_poverty5",10,0.144878439376947,-0.0241773133889844,0.313934192142878
1,"All_violence","wbgtmax","main",0,0,0,0
1,"All_violence","wbgtmax","main",1,0.00311881824204397,0.00222875327945006,0.00400888320463788
1,"All_violence","wbgtmax","main",5,0.0155940912102199,0.0111437663972503,0.0200444160231895
1,"All_violence","wbgtmax","main",10,0.0311881824204398,0.0222875327945006,0.040088832046379
1,"assault","wbgtmax","main",0,0,0,0
1,"assault","wbgtmax","main",1,0.00300163124232336,0.00210909295027215,0.00389416953437457
1,"assault","wbgtmax","main",5,0.0150081562116168,0.0105454647513608,0.0194708476718729
1,"assault","wbgtmax","main",10,0.0300163124232337,0.0210909295027216,0.0389416953437459
1,"suicide","wbgtmax","main",0,0,0,0
1,"suicide","wbgtmax","main",1,0.00742971863281513,0.0030199150446716,0.0118395222209587
1,"suicide","wbgtmax","main",5,0.0371485931640761,0.0150995752233582,0.0591976111047939
1,"suicide","wbgtmax","main",10,0.0742971863281523,0.0301991504467164,0.118395222209588
1,"All_violence","wbgtmax","females",0,0,0,0
1,"All_violence","wbgtmax","females",1,0.00332336967493344,0.00214131043428677,0.00450542891558011
1,"All_violence","wbgtmax","females",5,0.0166168483746673,0.0107065521714339,0.0225271445779006
1,"All_violence","wbgtmax","females",10,0.0332336967493346,0.0214131043428678,0.0450542891558013
1,"assault","wbgtmax","females",0,0,0,0
1,"assault","wbgtmax","females",1,0.00325503583131205,0.00206581370407194,0.00444425795855217
1,"assault","wbgtmax","females",5,0.0162751791565603,0.0103290685203597,0.0222212897927609
1,"assault","wbgtmax","females",10,0.0325503583131207,0.0206581370407194,0.0444425795855219
1,"suicide","wbgtmax","females",0,0,0,0
1,"suicide","wbgtmax","females",1,0.00480759004157759,-0.000720417102585558,0.0103355971857407
1,"suicide","wbgtmax","females",5,0.0240379502078882,-0.00360208551292782,0.0516779859287043
1,"suicide","wbgtmax","females",10,0.0480759004157766,-0.00720417102585566,0.103355971857409
1,"All_violence","wbgtmax","males",0,0,0,0
1,"All_violence","wbgtmax","males",1,0.00283633020377731,0.00149349421529619,0.00417916619225843
1,"All_violence","wbgtmax","males",5,0.0141816510188866,0.00746747107648097,0.0208958309612922
1,"All_violence","wbgtmax","males",10,0.0283633020377732,0.0149349421529619,0.0417916619225844
1,"assault","wbgtmax","males",0,0,0,0
1,"assault","wbgtmax","males",1,0.00265953331318794,0.00131863252693787,0.004000434099438
1,"assault","wbgtmax","males",5,0.0132976665659397,0.00659316263468939,0.02000217049719
1,"assault","wbgtmax","males",10,0.0265953331318795,0.0131863252693788,0.0400043409943801
1,"suicide","wbgtmax","males",0,0,0,0
1,"suicide","wbgtmax","males",1,0.0107005674055562,0.00428276588938514,0.0171183689217273
1,"suicide","wbgtmax","males",5,0.0535028370277816,0.0214138294469259,0.0855918446086373
1,"suicide","wbgtmax","males",10,0.107005674055564,0.042827658893852,0.171183689217275
1,"All_violence","wbgtmax","0",0,0,0,0
1,"All_violence","wbgtmax","0",1,0.00308795947053284,0.00216195146979716,0.00401396747126853
1,"All_violence","wbgtmax","0",5,0.0154397973526643,0.0108097573489858,0.0200698373563427
1,"All_violence","wbgtmax","0",10,0.0308795947053286,0.0216195146979717,0.0401396747126854
1,"assault","wbgtmax","0",0,0,0,0
1,"assault","wbgtmax","0",1,0.0029580162181477,0.0020284492122074,0.00388758322408801
1,"assault","wbgtmax","0",5,0.0147900810907386,0.010142246061037,0.0194379161204401
1,"assault","wbgtmax","0",10,0.0295801621814772,0.020284492122074,0.0388758322408803
1,"suicide","wbgtmax","0",0,0,0,0
1,"suicide","wbgtmax","0",1,0.00763361386077653,0.00320319068706633,0.0120640370344867
1,"suicide","wbgtmax","0",5,0.0381680693038831,0.0160159534353318,0.0603201851724344
1,"suicide","wbgtmax","0",10,0.0763361386077664,0.0320319068706638,0.120640370344869
1,"All_violence","wbgtmax","65",0,0,0,0
1,"All_violence","wbgtmax","65",1,0.00327589478569295,0.000219066381062267,0.00633272319032363
1,"All_violence","wbgtmax","65",5,0.0163794739284648,0.00109533190531134,0.0316636159516182
1,"All_violence","wbgtmax","65",10,0.0327589478569296,0.00219066381062268,0.0633272319032365
1,"assault","wbgtmax","65",0,0,0,0
1,"assault","wbgtmax","65",1,0.00330359531378037,0.00027567850611166,0.00633151212144908
1,"assault","wbgtmax","65",5,0.0165179765689019,0.0013783925305583,0.0316575606072455
1,"assault","wbgtmax","65",10,0.0330359531378038,0.0027567850611166,0.0633151212144911
1,"suicide","wbgtmax","65",0,0,0,0
1,"suicide","wbgtmax","65",1,-0.00847012944678089,-0.0403800393545223,0.0234397804609605
1,"suicide","wbgtmax","65",5,-0.0423506472339049,-0.201900196772614,0.117198902304804
1,"suicide","wbgtmax","65",10,-0.0847012944678101,-0.403800393545229,0.234397804609609
1,"All_violence","wbgtmax","0_24",0,0,0,0
1,"All_violence","wbgtmax","0_24",1,0.00341496604605708,0.00194154427423636,0.0048883878178778
1,"All_violence","wbgtmax","0_24",5,0.0170748302302854,0.00970772137118181,0.024441939089389
1,"All_violence","wbgtmax","0_24",10,0.0341496604605709,0.0194154427423637,0.0488838781787782
1,"assault","wbgtmax","0_24",0,0,0,0
1,"assault","wbgtmax","0_24",1,0.00319914777962371,0.00171399039123864,0.00468430516800879
1,"assault","wbgtmax","0_24",5,0.0159957388981186,0.00856995195619324,0.023421525840044
1,"assault","wbgtmax","0_24",10,0.0319914777962373,0.0171399039123865,0.0468430516800881
1,"suicide","wbgtmax","0_24",0,0,0,0
1,"suicide","wbgtmax","0_24",1,0.0100118608176818,0.00335319034532505,0.0166705312900385
1,"suicide","wbgtmax","0_24",5,0.0500593040884095,0.0167659517266255,0.0833526564501936
1,"suicide","wbgtmax","0_24",10,0.100118608176819,0.033531903453251,0.166705312900388
1,"All_violence","wbgtmax","25_44",0,0,0,0
1,"All_violence","wbgtmax","25_44",1,0.00309399850512305,0.00159313528258508,0.00459486172766102
1,"All_violence","wbgtmax","25_44",5,0.0154699925256153,0.00796567641292543,0.0229743086383052
1,"All_violence","wbgtmax","25_44",10,0.0309399850512306,0.0159313528258509,0.0459486172766104
1,"assault","wbgtmax","25_44",0,0,0,0
1,"assault","wbgtmax","25_44",1,0.0030074594359261,0.00149972173871441,0.00451519713313779
1,"assault","wbgtmax","25_44",5,0.0150372971796305,0.00749860869357206,0.022575985665689
1,"assault","wbgtmax","25_44",10,0.0300745943592611,0.0149972173871441,0.0451519713313781
1,"suicide","wbgtmax","25_44",0,0,0,0
1,"suicide","wbgtmax","25_44",1,0.0035674672153233,-0.0031291697373108,0.0102641041679574
1,"suicide","wbgtmax","25_44",5,0.0178373360766167,-0.0156458486865542,0.0513205208397876
1,"suicide","wbgtmax","25_44",10,0.0356746721532335,-0.0312916973731085,0.102641041679575
1,"All_violence","wbgtmax","45_64",0,0,0,0
1,"All_violence","wbgtmax","45_64",1,0.00244448940868835,0.000549795202132571,0.00433918361524412
1,"All_violence","wbgtmax","45_64",5,0.0122224470434418,0.00274897601066286,0.0216959180762207
1,"All_violence","wbgtmax","45_64",10,0.0244448940868836,0.00549795202132573,0.0433918361524414
1,"assault","wbgtmax","45_64",0,0,0,0
1,"assault","wbgtmax","45_64",1,0.00240070720814475,0.000513399607049464,0.00428801480924004
1,"assault","wbgtmax","45_64",5,0.0120035360407238,0.00256699803524733,0.0214400740462003
1,"assault","wbgtmax","45_64",10,0.0240070720814476,0.00513399607049467,0.0428801480924006
1,"suicide","wbgtmax","45_64",0,0,0,0
1,"suicide","wbgtmax","45_64",1,0.00950076307649467,4.37594800866848e-05,0.0189577666729026
1,"suicide","wbgtmax","45_64",5,0.0475038153824739,0.000218797400433436,0.0947888333645143
1,"suicide","wbgtmax","45_64",10,0.095007630764948,0.000437594800866872,0.189577666729029
1,"All_violence","wbgtmax","females_0",0,0,0,0
1,"All_violence","wbgtmax","females_0",1,0.00327706378062741,0.002038659393286,0.00451546816796883
1,"All_violence","wbgtmax","females_0",5,0.0163853189031371,0.01019329696643,0.0225773408398442
1,"All_violence","wbgtmax","females_0",10,0.0327706378062743,0.0203865939328601,0.0451546816796885
1,"assault","wbgtmax","females_0",0,0,0,0
1,"assault","wbgtmax","females_0",1,0.00318555847460989,0.00193783268360659,0.0044332842656132
1,"assault","wbgtmax","females_0",5,0.0159277923730495,0.00968916341803299,0.022166421328066
1,"assault","wbgtmax","females_0",10,0.0318555847460991,0.019378326836066,0.0443328426561321
1,"suicide","wbgtmax","females_0",0,0,0,0
1,"suicide","wbgtmax","females_0",1,0.00471237071912684,-0.000836196911304776,0.0102609383495585
1,"suicide","wbgtmax","females_0",5,0.0235618535956345,-0.00418098455652391,0.0513046917477929
1,"suicide","wbgtmax","females_0",10,0.0471237071912691,-0.00836196911304786,0.102609383495586
1,"All_violence","wbgtmax","females_65",0,0,0,0
1,"All_violence","wbgtmax","females_65",1,0.00361406603334318,-0.000198574151320595,0.00742670621800695
1,"All_violence","wbgtmax","females_65",5,0.0180703301667159,-0.000992870756602982,0.0371335310900349
1,"All_violence","wbgtmax","females_65",10,0.036140660333432,-0.00198574151320596,0.0742670621800699
1,"assault","wbgtmax","females_65",0,0,0,0
1,"assault","wbgtmax","females_65",1,0.00376030368304219,-1.95572536735873e-05,0.00754016461975796
1,"assault","wbgtmax","females_65",5,0.018801518415211,-9.77862683679345e-05,0.0377008230987899
1,"assault","wbgtmax","females_65",10,0.037603036830422,-0.000195572536735869,0.0754016461975799
1,"suicide","wbgtmax","females_65",0,0,0,0
1,"suicide","wbgtmax","females_65",1,0.0140421879900515,-0.0298364826457775,0.0579208586258805
1,"suicide","wbgtmax","females_65",5,0.0702109399502584,-0.149182413228889,0.289604293129406
1,"suicide","wbgtmax","females_65",10,0.140421879900517,-0.298364826457779,0.579208586258813
1,"All_violence","wbgtmax","males_0",0,0,0,0
1,"All_violence","wbgtmax","males_0",1,0.00283322854475605,0.00144800068542077,0.00421845640409133
1,"All_violence","wbgtmax","males_0",5,0.0141661427237803,0.00724000342710389,0.0210922820204567
1,"All_violence","wbgtmax","males_0",10,0.0283322854475607,0.0144800068542078,0.0421845640409135
1,"assault","wbgtmax","males_0",0,0,0,0
1,"assault","wbgtmax","males_0",1,0.00265809368398899,0.00127393434557294,0.00404225302240503
1,"assault","wbgtmax","males_0",5,0.013290468419945,0.00636967172786474,0.0202112651120252
1,"assault","wbgtmax","males_0",10,0.02658093683989,0.0127393434557295,0.0404225302240505
1,"suicide","wbgtmax","males_0",0,0,0,0
1,"suicide","wbgtmax","males_0",1,0.0113708561770358,0.00491214359779209,0.0178295687562796
1,"suicide","wbgtmax","males_0",5,0.0568542808851798,0.0245607179889607,0.0891478437813989
1,"suicide","wbgtmax","males_0",10,0.11370856177036,0.0491214359779216,0.178295687562798
1,"All_violence","wbgtmax","males_65",0,0,0,0
1,"All_violence","wbgtmax","males_65",1,0.00253662169868252,-0.00229417512734381,0.00736741852470885
1,"All_violence","wbgtmax","males_65",5,0.0126831084934127,-0.0114708756367191,0.0368370926235444
1,"All_violence","wbgtmax","males_65",10,0.0253662169868253,-0.0229417512734382,0.0736741852470888
1,"assault","wbgtmax","males_65",0,0,0,0
1,"assault","wbgtmax","males_65",1,0.00237024366544912,-0.00240772773563301,0.00714821506653125
1,"assault","wbgtmax","males_65",5,0.0118512183272456,-0.0120386386781651,0.0357410753326564
1,"assault","wbgtmax","males_65",10,0.0237024366544913,-0.0240772773563302,0.0714821506653128
1,"suicide","wbgtmax","males_65",0,0,0,0
1,"suicide","wbgtmax","males_65",1,-0.0301756125567461,-0.0750949820030888,0.0147437568895966
1,"suicide","wbgtmax","males_65",5,-0.150878062783732,-0.375474910015448,0.0737187844479837
1,"suicide","wbgtmax","males_65",10,-0.301756125567466,-0.750949820030899,0.147437568895968
1,"All_violence","wbgtmax","northeast",0,0,0,0
1,"All_violence","wbgtmax","northeast",1,0.00174410973908396,7.77637260141691e-05,0.00341045575215375
1,"All_violence","wbgtmax","northeast",5,0.00872054869541982,0.000388818630070851,0.0170522787607688
1,"All_violence","wbgtmax","northeast",10,0.0174410973908397,0.000777637260141698,0.0341045575215376
1,"assault","wbgtmax","northeast",0,0,0,0
1,"assault","wbgtmax","northeast",1,0.00176535715193086,9.00368727130368e-05,0.00344067743114869
1,"assault","wbgtmax","northeast",5,0.00882678575965434,0.000450184363565186,0.0172033871557435
1,"assault","wbgtmax","northeast",10,0.0176535715193087,0.000900368727130379,0.034406774311487
1,"suicide","wbgtmax","northeast",0,0,0,0
1,"suicide","wbgtmax","northeast",1,0.00334853907666175,-0.004514946326413,0.0112120244797365
1,"suicide","wbgtmax","northeast",5,0.0167426953833089,-0.0225747316320653,0.0560601223986831
1,"suicide","wbgtmax","northeast",10,0.0334853907666179,-0.0451494632641307,0.112120244797367
1,"All_violence","wbgtmax","northern_rockies_and_plains",0,0,0,0
1,"All_violence","wbgtmax","northern_rockies_and_plains",1,0.00348107953180618,-0.000280945419991798,0.00724310448360415
1,"All_violence","wbgtmax","northern_rockies_and_plains",5,0.0174053976590309,-0.001404727099959,0.0362155224180209
1,"All_violence","wbgtmax","northern_rockies_and_plains",10,0.0348107953180619,-0.00280945419991798,0.0724310448360418
1,"assault","wbgtmax","northern_rockies_and_plains",0,0,0,0
1,"assault","wbgtmax","northern_rockies_and_plains",1,0.00361200144814288,-0.000135335892839933,0.00735933878912569
1,"assault","wbgtmax","northern_rockies_and_plains",5,0.0180600072407145,-0.000676679464199664,0.0367966939456286
1,"assault","wbgtmax","northern_rockies_and_plains",10,0.036120014481429,-0.00135335892839934,0.0735933878912572
1,"suicide","wbgtmax","northern_rockies_and_plains",0,0,0,0
1,"suicide","wbgtmax","northern_rockies_and_plains",1,0.0109900931869359,-0.014978307479959,0.0369584938538309
1,"suicide","wbgtmax","northern_rockies_and_plains",5,0.0549504659346802,-0.0748915373997961,0.184792469269156
1,"suicide","wbgtmax","northern_rockies_and_plains",10,0.109900931869361,-0.149783074799593,0.369584938538314
1,"All_violence","wbgtmax","northwest",0,0,0,0
1,"All_violence","wbgtmax","northwest",1,-0.00408159645416266,-0.00920322820102919,0.00104003529270386
1,"All_violence","wbgtmax","northwest",5,-0.0204079822708134,-0.0460161410051461,0.0052001764635193
1,"All_violence","wbgtmax","northwest",10,-0.0408159645416268,-0.0920322820102923,0.0104003529270386
1,"assault","wbgtmax","northwest",0,0,0,0
1,"assault","wbgtmax","northwest",1,-0.00364581988821164,-0.00866600584925755,0.00137436607283427
1,"assault","wbgtmax","northwest",5,-0.0182290994410582,-0.0433300292462879,0.00687183036417137
1,"assault","wbgtmax","northwest",10,-0.0364581988821166,-0.0866600584925759,0.0137436607283427
1,"suicide","wbgtmax","northwest",0,0,0,0
1,"suicide","wbgtmax","northwest",1,-0.0374593638105299,-0.0699991916660475,-0.00491953595501238
1,"suicide","wbgtmax","northwest",5,-0.187296819052652,-0.349995958330241,-0.0245976797750622
1,"suicide","wbgtmax","northwest",10,-0.374593638105305,-0.699991916660485,-0.0491953595501246
1,"All_violence","wbgtmax","ohio_valley",0,0,0,0
1,"All_violence","wbgtmax","ohio_valley",1,0.00338732787781571,0.00206543304417199,0.00470922271145943
1,"All_violence","wbgtmax","ohio_valley",5,0.0169366393890786,0.01032716522086,0.0235461135572972
1,"All_violence","wbgtmax","ohio_valley",10,0.0338732787781572,0.02065433044172,0.0470922271145945
1,"assault","wbgtmax","ohio_valley",0,0,0,0
1,"assault","wbgtmax","ohio_valley",1,0.00332583050190444,0.00200501058350805,0.00464665042030083
1,"assault","wbgtmax","ohio_valley",5,0.0166291525095222,0.0100250529175403,0.0232332521015042
1,"assault","wbgtmax","ohio_valley",10,0.0332583050190445,0.0200501058350806,0.0464665042030085
1,"suicide","wbgtmax","ohio_valley",0,0,0,0
1,"suicide","wbgtmax","ohio_valley",1,0.00790032162516864,0.00146121683288823,0.0143394264174491
1,"suicide","wbgtmax","ohio_valley",5,0.0395016081258437,0.00730608416444124,0.0716971320872461
1,"suicide","wbgtmax","ohio_valley",10,0.0790032162516875,0.0146121683288825,0.143394264174493
1,"All_violence","wbgtmax","south",0,0,0,0
1,"All_violence","wbgtmax","south",1,0.00218137250411348,0.00031467448247125,0.00404807052575572
1,"All_violence","wbgtmax","south",5,0.0109068625205674,0.00157337241235625,0.0202403526287786
1,"All_violence","wbgtmax","south",10,0.0218137250411349,0.00314674482471251,0.0404807052575573
1,"assault","wbgtmax","south",0,0,0,0
1,"assault","wbgtmax","south",1,0.00230796073425017,0.000451918631596529,0.00416400283690382
1,"assault","wbgtmax","south",5,0.0115398036712509,0.00225959315798265,0.0208200141845192
1,"assault","wbgtmax","south",10,0.0230796073425018,0.00451918631596531,0.0416400283690384
1,"suicide","wbgtmax","south",0,0,0,0
1,"suicide","wbgtmax","south",1,-0.00306289852055154,-0.011115796639484,0.00498999959838088
1,"suicide","wbgtmax","south",5,-0.0153144926027579,-0.0555789831974204,0.0249499979919047
1,"suicide","wbgtmax","south",10,-0.0306289852055158,-0.111157966394841,0.0498999959838095
1,"All_violence","wbgtmax","southeast",0,0,0,0
1,"All_violence","wbgtmax","southeast",1,0.00281521067937109,0.0013091002580287,0.00432132110071349
1,"All_violence","wbgtmax","southeast",5,0.0140760533968555,0.00654550129014351,0.0216066055035675
1,"All_violence","wbgtmax","southeast",10,0.028152106793711,0.013091002580287,0.043213211007135
1,"assault","wbgtmax","southeast",0,0,0,0
1,"assault","wbgtmax","southeast",1,0.00253589678655855,0.000996715124345011,0.00407507844877208
1,"assault","wbgtmax","southeast",5,0.0126794839327928,0.00498357562172507,0.0203753922438605
1,"assault","wbgtmax","southeast",10,0.0253589678655856,0.00996715124345015,0.040750784487721
1,"suicide","wbgtmax","southeast",0,0,0,0
1,"suicide","wbgtmax","southeast",1,0.00500834710176329,0.000118465909825264,0.00989822829370131
1,"suicide","wbgtmax","southeast",5,0.0250417355088167,0.000592329549126344,0.0494911414685071
1,"suicide","wbgtmax","southeast",10,0.0500834710176336,0.00118465909825268,0.0989822829370145
1,"All_violence","wbgtmax","southwest",0,0,0,0
1,"All_violence","wbgtmax","southwest",1,0.00366109555212307,-0.00105117804464572,0.00837336914889186
1,"All_violence","wbgtmax","southwest",5,0.0183054777606154,-0.00525589022322863,0.0418668457444594
1,"All_violence","wbgtmax","southwest",10,0.0366109555212309,-0.0105117804464573,0.083733691488919
1,"assault","wbgtmax","southwest",0,0,0,0
1,"assault","wbgtmax","southwest",1,0.00148770528023736,-0.00307063733949275,0.00604604789996746
1,"assault","wbgtmax","southwest",5,0.00743852640118681,-0.0153531866974638,0.0302302394998374
1,"assault","wbgtmax","southwest",10,0.0148770528023736,-0.0307063733949276,0.0604604789996749
1,"suicide","wbgtmax","southwest",0,0,0,0
1,"suicide","wbgtmax","southwest",1,0.0166746824278387,-0.0044771460084399,0.0378265108641174
1,"suicide","wbgtmax","southwest",5,0.0833734121391946,-0.0223857300421997,0.189132554320589
1,"suicide","wbgtmax","southwest",10,0.16674682427839,-0.0447714600843996,0.378265108641179
1,"All_violence","wbgtmax","upper_midwest",0,0,0,0
1,"All_violence","wbgtmax","upper_midwest",1,0.00187292674293522,-0.000595512181992407,0.00434136566786284
1,"All_violence","wbgtmax","upper_midwest",5,0.00936463371467612,-0.00297756090996204,0.0217068283393143
1,"All_violence","wbgtmax","upper_midwest",10,0.0187292674293523,-0.00595512181992408,0.0434136566786286
1,"assault","wbgtmax","upper_midwest",0,0,0,0
1,"assault","wbgtmax","upper_midwest",1,0.00169255845808429,-0.0007913272126856,0.00417644412885419
1,"assault","wbgtmax","upper_midwest",5,0.00846279229042149,-0.00395663606342801,0.020882220644271
1,"assault","wbgtmax","upper_midwest",10,0.016925584580843,-0.00791327212685604,0.041764441288542
1,"suicide","wbgtmax","upper_midwest",0,0,0,0
1,"suicide","wbgtmax","upper_midwest",1,0.0133247805432445,0.000876164545635437,0.0257733965408535
1,"suicide","wbgtmax","upper_midwest",5,0.0666239027162232,0.00438082272817725,0.128866982704269
1,"suicide","wbgtmax","upper_midwest",10,0.133247805432447,0.00876164545635452,0.257733965408539
1,"All_violence","wbgtmax","west",0,0,0,0
1,"All_violence","wbgtmax","west",1,-0.000486729184263769,-0.00586786979365014,0.00489441142512261
1,"All_violence","wbgtmax","west",5,-0.00243364592131885,-0.0293393489682508,0.0244720571256131
1,"All_violence","wbgtmax","west",10,-0.00486729184263772,-0.0586786979365017,0.0489441142512263
1,"assault","wbgtmax","west",0,0,0,0
1,"assault","wbgtmax","west",1,0.00046202219983195,-0.00486673165755342,0.00579077605721732
1,"assault","wbgtmax","west",5,0.00231011099915976,-0.0243336582877671,0.0289538802860867
1,"assault","wbgtmax","west",10,0.00462022199831952,-0.0486673165755344,0.0579077605721734
1,"suicide","wbgtmax","west",0,0,0,0
1,"suicide","wbgtmax","west",1,0.0346683845638414,-0.00662508363659307,0.0759618527642759
1,"suicide","wbgtmax","west",5,0.173341922819209,-0.0331254181829657,0.379809263821384
1,"suicide","wbgtmax","west",10,0.346683845638419,-0.0662508363659317,0.75961852764277
1,"All_violence","wbgtmax","poverty1",0,0,0,0
1,"All_violence","wbgtmax","poverty1",1,0.00110773793791288,-0.00178122663251127,0.00399670250833703
1,"All_violence","wbgtmax","poverty1",5,0.00553868968956442,-0.00890613316255638,0.0199835125416852
1,"All_violence","wbgtmax","poverty1",10,0.0110773793791288,-0.0178122663251128,0.0399670250833705
1,"assault","wbgtmax","poverty1",0,0,0,0
1,"assault","wbgtmax","poverty1",1,0.00119275004146236,-0.00170866646130276,0.00409416654422749
1,"assault","wbgtmax","poverty1",5,0.00596375020731184,-0.00854333230651382,0.0204708327211375
1,"assault","wbgtmax","poverty1",10,0.0119275004146237,-0.0170866646130277,0.0409416654422751
1,"suicide","wbgtmax","poverty1",0,0,0,0
1,"suicide","wbgtmax","poverty1",1,-0.000680805524567811,-0.00930224514126487,0.00794063409212925
1,"suicide","wbgtmax","poverty1",5,-0.00340402762283909,-0.0465112257063249,0.0397031704606467
1,"suicide","wbgtmax","poverty1",10,-0.0068080552456782,-0.09302245141265,0.0794063409212936
1,"All_violence","wbgtmax","poverty2",0,0,0,0
1,"All_violence","wbgtmax","poverty2",1,0.00174409772615302,-0.000352610481867257,0.00384080593417329
1,"All_violence","wbgtmax","poverty2",5,0.00872048863076512,-0.00176305240933629,0.0192040296708665
1,"All_violence","wbgtmax","poverty2",10,0.0174409772615303,-0.00352610481867258,0.0384080593417331
1,"assault","wbgtmax","poverty2",0,0,0,0
1,"assault","wbgtmax","poverty2",1,0.00200496830630828,-0.000108898499626239,0.0041188351122428
1,"assault","wbgtmax","poverty2",5,0.0100248415315414,-0.0005444924981312,0.0205941755612141
1,"assault","wbgtmax","poverty2",10,0.0200496830630829,-0.0010889849962624,0.0411883511224282
1,"suicide","wbgtmax","poverty2",0,0,0,0
1,"suicide","wbgtmax","poverty2",1,0.0102509815511639,0.00166908280282471,0.0188328802995032
1,"suicide","wbgtmax","poverty2",5,0.0512549077558203,0.00834541401412366,0.0941644014975169
1,"suicide","wbgtmax","poverty2",10,0.102509815511641,0.0166908280282473,0.188328802995034
1,"All_violence","wbgtmax","poverty3",0,0,0,0
1,"All_violence","wbgtmax","poverty3",1,0.0026835101285681,0.000915020811150814,0.00445199944598539
1,"All_violence","wbgtmax","poverty3",5,0.0134175506428406,0.00457510405575409,0.022259997229927
1,"All_violence","wbgtmax","poverty3",10,0.0268351012856811,0.00915020811150819,0.0445199944598541
1,"assault","wbgtmax","poverty3",0,0,0,0
1,"assault","wbgtmax","poverty3",1,0.00251786332290267,0.000741784976429407,0.00429394166937594
1,"assault","wbgtmax","poverty3",5,0.0125893166145134,0.00370892488214705,0.0214697083468797
1,"assault","wbgtmax","poverty3",10,0.0251786332290268,0.0074178497642941,0.0429394166937596
1,"suicide","wbgtmax","poverty3",0,0,0,0
1,"suicide","wbgtmax","poverty3",1,0.00632065490680478,-0.00106348840957658,0.0137047982231861
1,"suicide","wbgtmax","poverty3",5,0.0316032745340243,-0.00531744204788295,0.0685239911159315
1,"suicide","wbgtmax","poverty3",10,0.0632065490680487,-0.0106348840957659,0.137047982231863
1,"All_violence","wbgtmax","poverty4",0,0,0,0
1,"All_violence","wbgtmax","poverty4",1,0.00378571849368692,0.00197427241903926,0.00559716456833459
1,"All_violence","wbgtmax","poverty4",5,0.0189285924684347,0.00987136209519631,0.027985822841673
1,"All_violence","wbgtmax","poverty4",10,0.0378571849368694,0.0197427241903926,0.0559716456833461
1,"assault","wbgtmax","poverty4",0,0,0,0
1,"assault","wbgtmax","poverty4",1,0.00349392469269346,0.00168051139501014,0.00530733799037677
1,"assault","wbgtmax","poverty4",5,0.0174696234634673,0.00840255697505075,0.0265366899518839
1,"assault","wbgtmax","poverty4",10,0.0349392469269347,0.0168051139501015,0.0530733799037679
1,"suicide","wbgtmax","poverty4",0,0,0,0
1,"suicide","wbgtmax","poverty4",1,0.00840689736075982,-0.000851210530340122,0.0176650052518598
1,"suicide","wbgtmax","poverty4",5,0.0420344868037996,-0.00425605265170065,0.0883250262592998
1,"suicide","wbgtmax","poverty4",10,0.0840689736075994,-0.00851210530340131,0.1766500525186
1,"All_violence","wbgtmax","poverty5",0,0,0,0
1,"All_violence","wbgtmax","poverty5",1,0.0042042790671163,0.00249946396607328,0.00590909416815931
1,"All_violence","wbgtmax","poverty5",5,0.0210213953355815,0.0124973198303664,0.0295454708407966
1,"All_violence","wbgtmax","poverty5",10,0.0420427906711631,0.0249946396607329,0.0590909416815934
1,"assault","wbgtmax","poverty5",0,0,0,0
1,"assault","wbgtmax","poverty5",1,0.00398166359280706,0.00227622485062771,0.00568710233498641
1,"assault","wbgtmax","poverty5",5,0.0199083179640354,0.0113811242531386,0.0284355116749321
1,"assault","wbgtmax","poverty5",10,0.0398166359280708,0.0227622485062772,0.0568710233498643
1,"suicide","wbgtmax","poverty5",0,0,0,0
1,"suicide","wbgtmax","poverty5",1,0.00769149694129456,-0.00193012284900717,0.0173131167315963
1,"suicide","wbgtmax","poverty5",5,0.0384574847064733,-0.00965061424503597,0.0865655836579825
1,"suicide","wbgtmax","poverty5",10,0.0769149694129467,-0.019301228490072,0.173131167315965
1,"All_violence","wbgtmax","education1",0,0,0,0
1,"All_violence","wbgtmax","education1",1,0.00175647481445438,-0.000767620100118076,0.00428056972902684
1,"All_violence","wbgtmax","education1",5,0.00878237407227194,-0.00383810050059039,0.0214028486451343
1,"All_violence","wbgtmax","education1",10,0.0175647481445439,-0.0076762010011808,0.0428056972902686
1,"assault","wbgtmax","education1",0,0,0,0
1,"assault","wbgtmax","education1",1,0.00164754832676555,-0.000882442671574372,0.00417753932510547
1,"assault","wbgtmax","education1",5,0.00823774163382776,-0.00441221335787187,0.0208876966255274
1,"assault","wbgtmax","education1",10,0.0164754832676555,-0.00882442671574376,0.0417753932510549
1,"suicide","wbgtmax","education1",0,0,0,0
1,"suicide","wbgtmax","education1",1,0.00173791527255852,-0.00760455843266651,0.0110803889777836
1,"suicide","wbgtmax","education1",5,0.00868957636279272,-0.038022792163333,0.0554019448889184
1,"suicide","wbgtmax","education1",10,0.0173791527255855,-0.0760455843266662,0.110803889777837
1,"All_violence","wbgtmax","education2",0,0,0,0
1,"All_violence","wbgtmax","education2",1,0.00151922568353097,-0.000499569175768298,0.00353802054283023
1,"All_violence","wbgtmax","education2",5,0.00759612841765485,-0.00249784587884149,0.0176901027141512
1,"All_violence","wbgtmax","education2",10,0.0151922568353097,-0.00499569175768299,0.0353802054283024
1,"assault","wbgtmax","education2",0,0,0,0
1,"assault","wbgtmax","education2",1,0.00169637083906293,-0.000333202927011769,0.00372594460513763
1,"assault","wbgtmax","education2",5,0.00848185419531467,-0.00166601463505885,0.0186297230256882
1,"assault","wbgtmax","education2",10,0.0169637083906294,-0.0033320292701177,0.0372594460513764
1,"suicide","wbgtmax","education2",0,0,0,0
1,"suicide","wbgtmax","education2",1,0.00531602723228498,-0.00274527366861109,0.0133773281331811
1,"suicide","wbgtmax","education2",5,0.0265801361614252,-0.0137263683430556,0.066886640665906
1,"suicide","wbgtmax","education2",10,0.0531602723228506,-0.0274527366861113,0.133773281331812
1,"All_violence","wbgtmax","education3",0,0,0,0
1,"All_violence","wbgtmax","education3",1,0.00361365687433095,0.00179893350218781,0.00542838024647409
1,"All_violence","wbgtmax","education3",5,0.0180682843716548,0.00899466751093907,0.0271419012323705
1,"All_violence","wbgtmax","education3",10,0.0361365687433097,0.0179893350218781,0.0542838024647412
1,"assault","wbgtmax","education3",0,0,0,0
1,"assault","wbgtmax","education3",1,0.00336043676353976,0.00153882470631164,0.00518204882076789
1,"assault","wbgtmax","education3",5,0.0168021838176989,0.00769412353155821,0.0259102441038395
1,"assault","wbgtmax","education3",10,0.0336043676353978,0.0153882470631164,0.0518204882076791
1,"suicide","wbgtmax","education3",0,0,0,0
1,"suicide","wbgtmax","education3",1,0.0119200782771576,0.00295322586109785,0.0208869306932173
1,"suicide","wbgtmax","education3",5,0.0596003913857885,0.0147661293054894,0.104434653466088
1,"suicide","wbgtmax","education3",10,0.119200782771577,0.0295322586109789,0.208869306932176
1,"All_violence","wbgtmax","education4",0,0,0,0
1,"All_violence","wbgtmax","education4",1,0.00264312721839812,0.000889879177953193,0.00439637525884304
1,"All_violence","wbgtmax","education4",5,0.0132156360919906,0.00444939588976598,0.0219818762942153
1,"All_violence","wbgtmax","education4",10,0.0264312721839813,0.00889879177953197,0.0439637525884306
1,"assault","wbgtmax","education4",0,0,0,0
1,"assault","wbgtmax","education4",1,0.00250657390684844,0.000750553041755203,0.00426259477194167
1,"assault","wbgtmax","education4",5,0.0125328695342422,0.00375276520877603,0.0213129738597084
1,"assault","wbgtmax","education4",10,0.0250657390684845,0.00750553041755207,0.0426259477194169
1,"suicide","wbgtmax","education4",0,0,0,0
1,"suicide","wbgtmax","education4",1,0.00659679706549284,-0.0013907687527453,0.014584362883731
1,"suicide","wbgtmax","education4",5,0.0329839853274646,-0.00695384376372656,0.0729218144186558
1,"suicide","wbgtmax","education4",10,0.0659679706549294,-0.0139076875274532,0.145843628837312
1,"All_violence","wbgtmax","education5",0,0,0,0
1,"All_violence","wbgtmax","education5",1,0.00487993482208188,0.00302113197891131,0.00673873766525245
1,"All_violence","wbgtmax","education5",5,0.0243996741104095,0.0151056598945566,0.0336936883262623
1,"All_violence","wbgtmax","education5",10,0.048799348220819,0.0302113197891132,0.0673873766525248
1,"assault","wbgtmax","education5",0,0,0,0
1,"assault","wbgtmax","education5",1,0.0046901130799074,0.0028273773964277,0.00655284876338709
1,"assault","wbgtmax","education5",5,0.023450565399537,0.0141368869821386,0.0327642438169355
1,"assault","wbgtmax","education5",10,0.0469011307990742,0.0282737739642771,0.0655284876338712
1,"suicide","wbgtmax","education5",0,0,0,0
1,"suicide","wbgtmax","education5",1,0.00579251437028071,-0.00371903671988086,0.0153040654604423
1,"suicide","wbgtmax","education5",5,0.0289625718514039,-0.0185951835994045,0.0765203273022122
1,"suicide","wbgtmax","education5",10,0.0579251437028079,-0.0371903671988091,0.153040654604425
1,"All_violence","wbgtmax","nonwhite1",0,0,0,0
1,"All_violence","wbgtmax","nonwhite1",1,0.00431470827717428,0.000936469732433037,0.00769294682191553
1,"All_violence","wbgtmax","nonwhite1",5,0.0215735413858715,0.0046823486621652,0.0384647341095778
1,"All_violence","wbgtmax","nonwhite1",10,0.043147082771743,0.00936469732433041,0.0769294682191557
1,"assault","wbgtmax","nonwhite1",0,0,0,0
1,"assault","wbgtmax","nonwhite1",1,0.00414450563299253,0.00075393597303057,0.00753507529295449
1,"assault","wbgtmax","nonwhite1",5,0.0207225281649627,0.00376967986515286,0.0376753764647726
1,"assault","wbgtmax","nonwhite1",10,0.0414450563299255,0.00753935973030575,0.0753507529295453
1,"suicide","wbgtmax","nonwhite1",0,0,0,0
1,"suicide","wbgtmax","nonwhite1",1,0.0127645341314027,0.00372950091694648,0.0217995673458589
1,"suicide","wbgtmax","nonwhite1",5,0.0638226706570141,0.0186475045847326,0.108997836729296
1,"suicide","wbgtmax","nonwhite1",10,0.127645341314028,0.0372950091694653,0.217995673458592
1,"All_violence","wbgtmax","nonwhite2",0,0,0,0
1,"All_violence","wbgtmax","nonwhite2",1,0.0034883607607706,0.00124972299541859,0.00572699852612261
1,"All_violence","wbgtmax","nonwhite2",5,0.017441803803853,0.00624861497709298,0.0286349926306131
1,"All_violence","wbgtmax","nonwhite2",10,0.0348836076077061,0.012497229954186,0.0572699852612263
1,"assault","wbgtmax","nonwhite2",0,0,0,0
1,"assault","wbgtmax","nonwhite2",1,0.00349627605999592,0.00124371154117825,0.00574884057881359
1,"assault","wbgtmax","nonwhite2",5,0.0174813802999796,0.00621855770589124,0.028744202894068
1,"assault","wbgtmax","nonwhite2",10,0.0349627605999593,0.0124371154117825,0.0574884057881362
1,"suicide","wbgtmax","nonwhite2",0,0,0,0
1,"suicide","wbgtmax","nonwhite2",1,0.00500906140896448,-0.00315524515197296,0.0131733679699019
1,"suicide","wbgtmax","nonwhite2",5,0.0250453070448227,-0.015776225759865,0.0658668398495103
1,"suicide","wbgtmax","nonwhite2",10,0.0500906140896455,-0.03155245151973,0.131733679699021
1,"All_violence","wbgtmax","nonwhite3",0,0,0,0
1,"All_violence","wbgtmax","nonwhite3",1,0.00152728153163102,-0.000446155052816666,0.00350071811607871
1,"All_violence","wbgtmax","nonwhite3",5,0.00763640765815513,-0.00223077526408334,0.0175035905803936
1,"All_violence","wbgtmax","nonwhite3",10,0.0152728153163103,-0.00446155052816668,0.0350071811607873
1,"assault","wbgtmax","nonwhite3",0,0,0,0
1,"assault","wbgtmax","nonwhite3",1,0.00160447592985723,-0.000378922958720612,0.00358787481843507
1,"assault","wbgtmax","nonwhite3",5,0.00802237964928616,-0.00189461479360306,0.0179393740921754
1,"assault","wbgtmax","nonwhite3",10,0.0160447592985723,-0.00378922958720614,0.0358787481843508
1,"suicide","wbgtmax","nonwhite3",0,0,0,0
1,"suicide","wbgtmax","nonwhite3",1,0.00697185260901415,-0.00285314324594787,0.0167968484639762
1,"suicide","wbgtmax","nonwhite3",5,0.0348592630450711,-0.0142657162297395,0.0839842423198818
1,"suicide","wbgtmax","nonwhite3",10,0.0697185260901425,-0.028531432459479,0.167968484639764
1,"All_violence","wbgtmax","nonwhite4",0,0,0,0
1,"All_violence","wbgtmax","nonwhite4",1,0.00358731749222459,0.00181338007964066,0.00536125490480853
1,"All_violence","wbgtmax","nonwhite4",5,0.017936587461123,0.00906690039820331,0.0268062745240427
1,"All_violence","wbgtmax","nonwhite4",10,0.0358731749222461,0.0181338007964066,0.0536125490480855
1,"assault","wbgtmax","nonwhite4",0,0,0,0
1,"assault","wbgtmax","nonwhite4",1,0.00344755050337867,0.00166559051974545,0.00522951048701189
1,"assault","wbgtmax","nonwhite4",5,0.0172377525168934,0.00832795259872729,0.0261475524350595
1,"assault","wbgtmax","nonwhite4",10,0.0344755050337869,0.0166559051974546,0.0522951048701192
1,"suicide","wbgtmax","nonwhite4",0,0,0,0
1,"suicide","wbgtmax","nonwhite4",1,0.00152860721939526,-0.00602830515634536,0.00908551959513588
1,"suicide","wbgtmax","nonwhite4",5,0.0076430360969764,-0.0301415257817271,0.0454275979756799
1,"suicide","wbgtmax","nonwhite4",10,0.0152860721939529,-0.0602830515634544,0.0908551959513601
1,"All_violence","wbgtmax","nonwhite5",0,0,0,0
1,"All_violence","wbgtmax","nonwhite5",1,0.00313708347893494,0.00164334409134328,0.0046308228665266
1,"All_violence","wbgtmax","nonwhite5",5,0.0156854173946747,0.0082167204567164,0.0231541143326331
1,"All_violence","wbgtmax","nonwhite5",10,0.0313708347893495,0.0164334409134328,0.0463082286652662
1,"assault","wbgtmax","nonwhite5",0,0,0,0
1,"assault","wbgtmax","nonwhite5",1,0.00288309130030044,0.00139124952193953,0.00437493307866134
1,"assault","wbgtmax","nonwhite5",5,0.0144154565015022,0.00695624760969769,0.0218746653933068
1,"assault","wbgtmax","nonwhite5",10,0.0288309130030045,0.0139124952193954,0.0437493307866136
1,"suicide","wbgtmax","nonwhite5",0,0,0,0
1,"suicide","wbgtmax","nonwhite5",1,0.00846455830607415,-0.000791219031374822,0.0177203356435231
1,"suicide","wbgtmax","nonwhite5",5,0.0423227915303712,-0.00395609515687416,0.0886016782176166
1,"suicide","wbgtmax","nonwhite5",10,0.0846455830607427,-0.00791219031374832,0.177203356435234
1,"All_violence","wbgtmax","nonwhite1_poverty1",0,0,0,0
1,"All_violence","wbgtmax","nonwhite1_poverty1",1,0.00410115020075389,-0.0029914308714919,0.0111937312729997
1,"All_violence","wbgtmax","nonwhite1_poverty1",5,0.0205057510037695,-0.0149571543574595,0.0559686563649986
1,"All_violence","wbgtmax","nonwhite1_poverty1",10,0.0410115020075391,-0.0299143087149191,0.111937312729997
1,"assault","wbgtmax","nonwhite1_poverty1",0,0,0,0
1,"assault","wbgtmax","nonwhite1_poverty1",1,0.00522113155362239,-0.00185256485806423,0.012294827965309
1,"assault","wbgtmax","nonwhite1_poverty1",5,0.026105657768112,-0.00926282429032118,0.0614741398265452
1,"assault","wbgtmax","nonwhite1_poverty1",10,0.0522113155362241,-0.0185256485806424,0.122948279653091
1,"suicide","wbgtmax","nonwhite1_poverty1",0,0,0,0
1,"suicide","wbgtmax","nonwhite1_poverty1",1,0.00443386740140153,-0.0139664579870599,0.0228341927898629
1,"suicide","wbgtmax","nonwhite1_poverty1",5,0.0221693370070079,-0.0698322899353002,0.114170963949316
1,"suicide","wbgtmax","nonwhite1_poverty1",10,0.0443386740140159,-0.139664579870601,0.228341927898633
1,"All_violence","wbgtmax","nonwhite1_poverty5",0,0,0,0
1,"All_violence","wbgtmax","nonwhite1_poverty5",1,0.00265494867485746,-0.00527878839212165,0.0105886857418366
1,"All_violence","wbgtmax","nonwhite1_poverty5",5,0.0132747433742874,-0.0263939419606083,0.052943428709183
1,"All_violence","wbgtmax","nonwhite1_poverty5",10,0.0265494867485747,-0.0527878839212167,0.105886857418366
1,"assault","wbgtmax","nonwhite1_poverty5",0,0,0,0
1,"assault","wbgtmax","nonwhite1_poverty5",1,0.00207320173859259,-0.00596029882076454,0.0101067022979497
1,"assault","wbgtmax","nonwhite1_poverty5",5,0.010366008692963,-0.0298014941038228,0.0505335114897487
1,"assault","wbgtmax","nonwhite1_poverty5",10,0.020732017385926,-0.0596029882076456,0.101067022979498
1,"suicide","wbgtmax","nonwhite1_poverty5",0,0,0,0
1,"suicide","wbgtmax","nonwhite1_poverty5",1,0.00901567153707548,-0.00906280530052821,0.0270941483746792
1,"suicide","wbgtmax","nonwhite1_poverty5",5,0.0450783576853779,-0.0453140265026416,0.135470741873397
1,"suicide","wbgtmax","nonwhite1_poverty5",10,0.090156715370756,-0.0906280530052834,0.270941483746795
1,"All_violence","wbgtmax","nonwhite5_poverty1",0,0,0,0
1,"All_violence","wbgtmax","nonwhite5_poverty1",1,-0.000730935555804843,-0.00972467226446027,0.00826280115285059
1,"All_violence","wbgtmax","nonwhite5_poverty1",5,-0.00365467777902422,-0.0486233613223015,0.0413140057642531
1,"All_violence","wbgtmax","nonwhite5_poverty1",10,-0.00730935555804844,-0.0972467226446032,0.0826280115285063
1,"assault","wbgtmax","nonwhite5_poverty1",0,0,0,0
1,"assault","wbgtmax","nonwhite5_poverty1",1,-0.000933610791120212,-0.00993532537308499,0.00806810379084456
1,"assault","wbgtmax","nonwhite5_poverty1",5,-0.00466805395560107,-0.0496766268654251,0.0403405189542229
1,"assault","wbgtmax","nonwhite5_poverty1",10,-0.00933610791120215,-0.0993532537308503,0.080681037908446
1,"suicide","wbgtmax","nonwhite5_poverty1",0,0,0,0
1,"suicide","wbgtmax","nonwhite5_poverty1",1,0.0190103202555982,-0.0159319623824689,0.0539526028936654
1,"suicide","wbgtmax","nonwhite5_poverty1",5,0.0950516012779922,-0.0796598119123456,0.26976301446833
1,"suicide","wbgtmax","nonwhite5_poverty1",10,0.190103202555985,-0.159319623824692,0.539526028936662
1,"All_violence","wbgtmax","nonwhite5_poverty5",0,0,0,0
1,"All_violence","wbgtmax","nonwhite5_poverty5",1,0.00409746922225088,0.00207469588925833,0.00612024255524343
1,"All_violence","wbgtmax","nonwhite5_poverty5",5,0.0204873461112545,0.0103734794462917,0.0306012127762172
1,"All_violence","wbgtmax","nonwhite5_poverty5",10,0.040974692222509,0.0207469588925834,0.0612024255524346
1,"assault","wbgtmax","nonwhite5_poverty5",0,0,0,0
1,"assault","wbgtmax","nonwhite5_poverty5",1,0.00387044190377384,0.00185382808408956,0.00588705572345812
1,"assault","wbgtmax","nonwhite5_poverty5",5,0.0193522095188693,0.00926914042044786,0.0294352786172907
1,"assault","wbgtmax","nonwhite5_poverty5",10,0.0387044190377386,0.0185382808408957,0.0588705572345814
1,"suicide","wbgtmax","nonwhite5_poverty5",0,0,0,0
1,"suicide","wbgtmax","nonwhite5_poverty5",1,0.00661684368127605,-0.00630196618206117,0.0195356535446133
1,"suicide","wbgtmax","nonwhite5_poverty5",5,0.0330842184063806,-0.0315098309103062,0.0976782677230675
1,"suicide","wbgtmax","nonwhite5_poverty5",10,0.0661684368127615,-0.0630196618206126,0.195356535446135
